2c73fe64-21e8-11ed-ae1a-e4a471a7a3bd.jpg,SVGFOX
062f6b62-21e9-11ed-8ef9-e4a471a7a3bd.jpg,SVGFOX
761a5e58-21e9-11ed-bb0a-e4a471a7a3bd.jpg,SVGFOX
76068852-21e9-11ed-8e2b-ec8eb53bee3a.jpg,SVGFOX
388a5b18-21ea-11ed-af28-e4a471a7a3bd.jpg,SVGFOX
7de913b6-21ea-11ed-a746-e4a471a7a3bd.jpg,SVGFOX
28cd81b6-21eb-11ed-8cdf-e4a471a7a3bd.jpg,SVGFOX
7de29636-21eb-11ed-8b2d-e4a471a7a3bd.jpg,SVGFOX
ac51cd7a-21eb-11ed-8445-e4a471a7a3bd.jpg,SVGFOX
272d250a-21ec-11ed-83e7-e4a471a7a3bd.jpg,SVGFOX
6854deec-21ec-11ed-aca4-e4a471a7a3bd.jpg,SVGFOX
9ad2c736-21ec-11ed-9a4f-e4a471a7a3bd.jpg,SVGFOX
085af81e-21ef-11ed-8626-e4a471a7a3bd.jpg,SVGFOX
6ea54564-21ef-11ed-875f-e4a471a7a3bd.jpg,SVGFOX
a6d22f18-21ef-11ed-833b-e4a471a7a3bd.jpg,SVGFOX
b709acec-21ef-11ed-95fc-e4a471a7a3bd.jpg,SVGFOX
49bef8da-21f2-11ed-a6c7-e4a471a7a3bd.jpg,[]
4a61010a-21f2-11ed-8252-e4a471a7a3bd.jpg,[]
4af5dbee-21f2-11ed-87f1-e4a471a7a3bd.jpg,[]
4b7e24f4-21f2-11ed-ae2b-e4a471a7a3bd.jpg,[]
4c015764-21f2-11ed-95b5-e4a471a7a3bd.jpg,[]
4c8666e2-21f2-11ed-bc36-e4a471a7a3bd.jpg,[]
4d02356e-21f2-11ed-a468-e4a471a7a3bd.jpg,[]
4d73252e-21f2-11ed-bf74-e4a471a7a3bd.jpg,[]
4df0e1de-21f2-11ed-b6a7-e4a471a7a3bd.jpg,[]
4e6b4dfa-21f2-11ed-ba3d-e4a471a7a3bd.jpg,[]
4ee3682e-21f2-11ed-8c41-e4a471a7a3bd.jpg,[]
4f82efb0-21f2-11ed-b332-e4a471a7a3bd.jpg,[]
501a653e-21f2-11ed-bd89-e4a471a7a3bd.jpg,[]
50c69f10-21f2-11ed-b0b5-e4a471a7a3bd.jpg,[]
514e5558-21f2-11ed-8889-e4a471a7a3bd.jpg,[]
51c16692-21f2-11ed-a04b-e4a471a7a3bd.jpg,[]
52328d5c-21f2-11ed-929e-e4a471a7a3bd.jpg,[]
52c34836-21f2-11ed-892b-e4a471a7a3bd.jpg,T
53449bf4-21f2-11ed-9527-e4a471a7a3bd.jpg,5
53c3a76e-21f2-11ed-a081-e4a471a7a3bd.jpg,FEEETN
54430414-21f2-11ed-9514-e4a471a7a3bd.jpg,[]
54d06654-21f2-11ed-bd22-e4a471a7a3bd.jpg,TR
554d1438-21f2-11ed-861c-e4a471a7a3bd.jpg,TA
55d38a7a-21f2-11ed-a885-e4a471a7a3bd.jpg,TE
56569028-21f2-11ed-8c69-e4a471a7a3bd.jpg,TSE
56e107b6-21f2-11ed-9883-e4a471a7a3bd.jpg,T
57706446-21f2-11ed-b970-e4a471a7a3bd.jpg,FE
57fedfb6-21f2-11ed-b798-e4a471a7a3bd.jpg,JO
589259d0-21f2-11ed-8576-e4a471a7a3bd.jpg,F9
592134a8-21f2-11ed-81fd-e4a471a7a3bd.jpg,TND
59aacc88-21f2-11ed-aba1-e4a471a7a3bd.jpg,TO; JIETE
5a3b027a-21f2-11ed-93dc-e4a471a7a3bd.jpg,TEBIL7 %
5ab83b86-21f2-11ed-968d-e4a471a7a3bd.jpg,TENELTE
5b39a968-21f2-11ed-8bbd-e4a471a7a3bd.jpg,TC1EGL7 (3
5bb88318-21f2-11ed-a11a-e4a471a7a3bd.jpg,'IJ IBI L7 43
5c3bc6b4-21f2-11ed-9865-e4a471a7a3bd.jpg,TEO1ENL74
5cd4815c-21f2-11ed-9927-e4a471a7a3bd.jpg,FEDB(L7CS
5d6046b6-21f2-11ed-93f4-e4a471a7a3bd.jpg,TROTERL7 G
5de220e8-21f2-11ed-9fcb-e4a471a7a3bd.jpg,TAOIBL 4745
5e6385e2-21f2-11ed-b9c9-e4a471a7a3bd.jpg,WO1BKL7 L5
5ee734b6-21f2-11ed-af3e-e4a471a7a3bd.jpg,TRD1BKL7 L5
5f77a236-21f2-11ed-8939-e4a471a7a3bd.jpg,TRO1BKL7 L5
601d5b9c-21f2-11ed-aae3-e4a471a7a3bd.jpg,TWO18RL7 L5
60c5d7b4-21f2-11ed-b0a3-e4a471a7a3bd.jpg,TRO 1BK L7 L54
614ab486-21f2-11ed-8661-e4a471a7a3bd.jpg,THO1BK L7 L5
61d1d51a-21f2-11ed-b3ff-e4a471a7a3bd.jpg,THOTBKL7[5
62579610-21f2-11ed-ac4c-e4a471a7a3bd.jpg,THO 1BK L7 L5
62e95e02-21f2-11ed-b42b-e4a471a7a3bd.jpg,THO 1BRL7L5
6374935a-21f2-11ed-95af-e4a471a7a3bd.jpg,THO1BAL7 (5
63fdb81c-21f2-11ed-99fd-e4a471a7a3bd.jpg,TNO1BK L7 (5
647ee3ae-21f2-11ed-bd74-e4a471a7a3bd.jpg,TRO1BA L7 L5
6514b0c6-21f2-11ed-8a86-e4a471a7a3bd.jpg,RO1BK L7 L5
65dfc2b6-21f2-11ed-b055-e4a471a7a3bd.jpg,TNO1BKL75
66979f62-21f2-11ed-aec3-e4a471a7a3bd.jpg,THO1BK L7 L5
672221ee-21f2-11ed-a01f-e4a471a7a3bd.jpg,TWO1BNL745
67ab3c34-21f2-11ed-bffb-e4a471a7a3bd.jpg,T4O18NL7L5
683cd334-21f2-11ed-b75c-e4a471a7a3bd.jpg,THO 18KL7L5
68c59652-21f2-11ed-a03f-e4a471a7a3bd.jpg,TNO1BKL745
695de278-21f2-11ed-a4a0-e4a471a7a3bd.jpg,THO1BKLIL5
69eab300-21f2-11ed-bf54-e4a471a7a3bd.jpg,TRO10KL745
6a67d41c-21f2-11ed-bf4f-e4a471a7a3bd.jpg,TRO TBKL7 L5
6ae75f10-21f2-11ed-be06-e4a471a7a3bd.jpg,TN0104L745
6b686aec-21f2-11ed-baf2-e4a471a7a3bd.jpg,TNO1BKL745
6be17442-21f2-11ed-9f9a-e4a471a7a3bd.jpg,TNO TBKLZ L5
6c63ca4a-21f2-11ed-822a-e4a471a7a3bd.jpg,TH010K4745
6cdee64c-21f2-11ed-8b00-e4a471a7a3bd.jpg,TNO1BLLZL5
6d51f6b0-21f2-11ed-82d5-e4a471a7a3bd.jpg,TN0104 L7 45
6dce4806-21f2-11ed-b170-e4a471a7a3bd.jpg,TNO TBKL7 L5
6e4d46a2-21f2-11ed-bfdd-e4a471a7a3bd.jpg,TNO1BLL7L5
6ee38454-21f2-11ed-9804-e4a471a7a3bd.jpg,THO IBKL7 LS
6f73413a-21f2-11ed-8e09-e4a471a7a3bd.jpg,THO IBKL7 LS
70043682-21f2-11ed-8e57-e4a471a7a3bd.jpg,THO IBKL7 L5
70be579e-21f2-11ed-af2d-e4a471a7a3bd.jpg,TNOTBKLILS
718e3b12-21f2-11ed-8e5e-e4a471a7a3bd.jpg,TN0104L745
725e73d8-21f2-11ed-b65f-e4a471a7a3bd.jpg,TNOTBKL7 L5
72e950f0-21f2-11ed-b102-e4a471a7a3bd.jpg,TNO 1BKL7 L5
737e8f3a-21f2-11ed-9f99-e4a471a7a3bd.jpg,TND IBKE7 L5
740b6b78-21f2-11ed-b28c-e4a471a7a3bd.jpg,TNOEKL7 L5
74930c76-21f2-11ed-b182-e4a471a7a3bd.jpg,TNOBKLT LS
7515b102-21f2-11ed-adf2-e4a471a7a3bd.jpg,TNONEK L7 L5
75a7fa62-21f2-11ed-af2f-e4a471a7a3bd.jpg,WOHBH
767122ac-21f2-11ed-baa5-e4a471a7a3bd.jpg,TNOBKL7 L5
76f68b7e-21f2-11ed-9059-e4a471a7a3bd.jpg,[]
775ef024-21f2-11ed-ab9c-e4a471a7a3bd.jpg,[]
8283182c-21f2-11ed-9a03-e4a471a7a3bd.jpg,[]
82f842d4-21f2-11ed-ab5f-e4a471a7a3bd.jpg,[]
836a5ab4-21f2-11ed-95c8-e4a471a7a3bd.jpg,[]
83d7f6ac-21f2-11ed-9368-e4a471a7a3bd.jpg,[]
843dc19a-21f2-11ed-b7c6-e4a471a7a3bd.jpg,[]
84a7454a-21f2-11ed-b7c4-e4a471a7a3bd.jpg,[]
8517230a-21f2-11ed-8bcd-e4a471a7a3bd.jpg,[]
8580929e-21f2-11ed-9f7d-e4a471a7a3bd.jpg,[]
85ea789e-21f2-11ed-b70f-e4a471a7a3bd.jpg,[]
8651cea8-21f2-11ed-b5fc-e4a471a7a3bd.jpg,[]
86c8a510-21f2-11ed-8b8f-e4a471a7a3bd.jpg,[]
873c005a-21f2-11ed-ba65-e4a471a7a3bd.jpg,[]
88d45270-21f2-11ed-a140-e4a471a7a3bd.jpg,[]
8945ee46-21f2-11ed-82fc-e4a471a7a3bd.jpg,[]
89b40826-21f2-11ed-8f0b-e4a471a7a3bd.jpg,[]
8a24a858-21f2-11ed-9382-e4a471a7a3bd.jpg,[]
8a8fc64c-21f2-11ed-a46a-e4a471a7a3bd.jpg,[]
8b0ae0e4-21f2-11ed-8c60-e4a471a7a3bd.jpg,[]
8b7502a6-21f2-11ed-a007-e4a471a7a3bd.jpg,[]
8be31642-21f2-11ed-8fcf-e4a471a7a3bd.jpg,[]
8c578736-21f2-11ed-9e47-e4a471a7a3bd.jpg,[]
8cc836ba-21f2-11ed-874a-e4a471a7a3bd.jpg,[]
8d2d3c3e-21f2-11ed-94a2-e4a471a7a3bd.jpg,[]
8d98e558-21f2-11ed-afdf-e4a471a7a3bd.jpg,[]
8df589e6-21f2-11ed-bfc2-e4a471a7a3bd.jpg,[]
8e5e433a-21f2-11ed-8dea-e4a471a7a3bd.jpg,[]
8ec1abd8-21f2-11ed-908b-e4a471a7a3bd.jpg,[]
8f296226-21f2-11ed-94aa-e4a471a7a3bd.jpg,[]
8f86a29e-21f2-11ed-a4bc-e4a471a7a3bd.jpg,[]
8fefdbac-21f2-11ed-be9d-e4a471a7a3bd.jpg,[]
9059d5da-21f2-11ed-8bb8-e4a471a7a3bd.jpg,[]
90be8d48-21f2-11ed-bac1-e4a471a7a3bd.jpg,[]
912385c2-21f2-11ed-b035-e4a471a7a3bd.jpg,[]
aadf8574-21f2-11ed-ab02-e4a471a7a3bd.jpg,[]
ab483906-21f2-11ed-911a-e4a471a7a3bd.jpg,[]
7bb0cc40-2230-11ed-b8a4-e4a471a7a3bd.jpg,SVGFOX
a773da64-2230-11ed-b22e-e4a471a7a3bd.jpg,SVGFOX
aec1e4fa-2230-11ed-83f7-e4a471a7a3bd.jpg,SVGFOX
14bd8f4c-2231-11ed-8450-e4a471a7a3bd.jpg,[]
154aeed0-2231-11ed-8c2a-e4a471a7a3bd.jpg,[]
15d30e98-2231-11ed-b124-e4a471a7a3bd.jpg,[]
16569682-2231-11ed-a7ad-e4a471a7a3bd.jpg,[]
16d9d05e-2231-11ed-8ddc-e4a471a7a3bd.jpg,[]
175c20ec-2231-11ed-9e8a-e4a471a7a3bd.jpg,[]
17da835a-2231-11ed-9f7b-e4a471a7a3bd.jpg,[]
18584576-2231-11ed-adac-e4a471a7a3bd.jpg,[]
18da418a-2231-11ed-ab2b-e4a471a7a3bd.jpg,[]
195d072e-2231-11ed-b16d-e4a471a7a3bd.jpg,[]
19e0e3a8-2231-11ed-8649-e4a471a7a3bd.jpg,[]
1a628e86-2231-11ed-87ca-e4a471a7a3bd.jpg,[]
1ae290d4-2231-11ed-98a6-e4a471a7a3bd.jpg,[]
1b6b33a8-2231-11ed-b467-e4a471a7a3bd.jpg,[]
1c03c2e8-2231-11ed-b36e-e4a471a7a3bd.jpg,[]
1c7edf86-2231-11ed-af76-e4a471a7a3bd.jpg,[]
1d007b14-2231-11ed-987d-e4a471a7a3bd.jpg,[]
1d92e2fe-2231-11ed-a7b7-e4a471a7a3bd.jpg,T
1e2ac280-2231-11ed-a1ff-e4a471a7a3bd.jpg,5
1ebf0652-2231-11ed-a69f-e4a471a7a3bd.jpg,FEEETN
1f427aee-2231-11ed-84be-e4a471a7a3bd.jpg,[]
1fe34ecc-2231-11ed-a797-e4a471a7a3bd.jpg,TR
207e3a1c-2231-11ed-881c-e4a471a7a3bd.jpg,TA
21195346-2231-11ed-82c5-e4a471a7a3bd.jpg,TE
22064b5c-2231-11ed-a8f6-e4a471a7a3bd.jpg,TSE
228d048a-2231-11ed-bb3f-e4a471a7a3bd.jpg,T
2316f534-2231-11ed-9cb5-e4a471a7a3bd.jpg,FE
23a39800-2231-11ed-82dc-e4a471a7a3bd.jpg,JO
24358200-2231-11ed-a651-e4a471a7a3bd.jpg,F9
24d054ba-2231-11ed-8902-e4a471a7a3bd.jpg,TND
2575a7b4-2231-11ed-8de0-e4a471a7a3bd.jpg,TO; JIETE
2604fdfa-2231-11ed-b186-e4a471a7a3bd.jpg,TEBIL7 %
2693a65c-2231-11ed-a9df-e4a471a7a3bd.jpg,TENELTE
271fb5c8-2231-11ed-a1ab-e4a471a7a3bd.jpg,TC1EGL7 (3
27b2fe62-2231-11ed-8e37-e4a471a7a3bd.jpg,'IJ IBI L7 43
283db5cc-2231-11ed-8d0e-e4a471a7a3bd.jpg,TEO1ENL74
28cb17dc-2231-11ed-ab00-e4a471a7a3bd.jpg,FEDB(L7CS
2954e14a-2231-11ed-94ee-e4a471a7a3bd.jpg,TROTERL7 G
29d91b02-2231-11ed-84e3-e4a471a7a3bd.jpg,TAOIBL 4745
2a628d00-2231-11ed-adc7-e4a471a7a3bd.jpg,WO1BKL7 L5
2af5a88a-2231-11ed-9854-e4a471a7a3bd.jpg,TRD1BKL7 L5
2b7bb1c0-2231-11ed-8cc7-e4a471a7a3bd.jpg,TRO1BKL7 L5
2c031b42-2231-11ed-84d8-e4a471a7a3bd.jpg,TWO18RL7 L5
2c89b9f4-2231-11ed-b165-e4a471a7a3bd.jpg,TRO 1BK L7 L54
2d112de8-2231-11ed-8bba-e4a471a7a3bd.jpg,THO1BK L7 L5
2d9a7eae-2231-11ed-bc3b-e4a471a7a3bd.jpg,THOTBKL7[5
2e27945a-2231-11ed-aa0c-e4a471a7a3bd.jpg,THO 1BK L7 L5
2eac8902-2231-11ed-a5e1-e4a471a7a3bd.jpg,THO 1BRL7L5
2f36060a-2231-11ed-8b40-e4a471a7a3bd.jpg,THO1BAL7 (5
2fbbead4-2231-11ed-bbe6-e4a471a7a3bd.jpg,TNO1BK L7 (5
3042029e-2231-11ed-87d2-e4a471a7a3bd.jpg,TRO1BA L7 L5
30c98030-2231-11ed-9732-e4a471a7a3bd.jpg,RO1BK L7 L5
31479422-2231-11ed-b4a1-e4a471a7a3bd.jpg,TNO1BKL75
31d1f9de-2231-11ed-9211-e4a471a7a3bd.jpg,THO1BK L7 L5
325a159c-2231-11ed-9d94-e4a471a7a3bd.jpg,TWO1BNL745
32da1ee8-2231-11ed-afc1-e4a471a7a3bd.jpg,T4O18NL7L5
335e4458-2231-11ed-a955-e4a471a7a3bd.jpg,THO 18KL7L5
33e77ade-2231-11ed-bc44-e4a471a7a3bd.jpg,TNO1BKL745
34688bfe-2231-11ed-8daa-e4a471a7a3bd.jpg,THO1BKLIL5
34ebcd52-2231-11ed-8037-e4a471a7a3bd.jpg,TRO10KL745
35673750-2231-11ed-8e63-e4a471a7a3bd.jpg,TRO TBKL7 L5
35ecccf8-2231-11ed-af84-e4a471a7a3bd.jpg,TN0104L745
366ff30c-2231-11ed-8568-e4a471a7a3bd.jpg,TNO1BKL745
36ebe3de-2231-11ed-a8cb-e4a471a7a3bd.jpg,TNO TBKLZ L5
376c9f64-2231-11ed-96e5-e4a471a7a3bd.jpg,TH010K4745
37e46b5e-2231-11ed-b621-e4a471a7a3bd.jpg,TNO1BLLZL5
3860e3c6-2231-11ed-81b8-e4a471a7a3bd.jpg,TN0104 L7 45
38e1b80a-2231-11ed-a7be-e4a471a7a3bd.jpg,TNO TBKL7 L5
396441dc-2231-11ed-9ade-e4a471a7a3bd.jpg,TNO1BLL7L5
39dce99a-2231-11ed-88da-e4a471a7a3bd.jpg,THO IBKL7 LS
3a532d74-2231-11ed-ab5a-e4a471a7a3bd.jpg,THO IBKL7 LS
3acfb08a-2231-11ed-b56f-e4a471a7a3bd.jpg,THO IBKL7 L5
3b59c464-2231-11ed-8b4c-e4a471a7a3bd.jpg,TNOTBKLILS
3bd1f05c-2231-11ed-a3ec-e4a471a7a3bd.jpg,TN0104L745
3c4fabde-2231-11ed-94d7-e4a471a7a3bd.jpg,TNOTBKL7 L5
3cc44eda-2231-11ed-8da8-e4a471a7a3bd.jpg,TNO 1BKL7 L5
3d4b2f30-2231-11ed-a4dd-e4a471a7a3bd.jpg,TND IBKE7 L5
3dcf5980-2231-11ed-8e58-e4a471a7a3bd.jpg,TNOEKL7 L5
3e4a80d8-2231-11ed-89f1-e4a471a7a3bd.jpg,TNOBKLT LS
3ed17680-2231-11ed-ae6d-e4a471a7a3bd.jpg,TNONEK L7 L5
3f50c58a-2231-11ed-8558-e4a471a7a3bd.jpg,WOHBH
3fd22068-2231-11ed-81f7-e4a471a7a3bd.jpg,TNOBKL7 L5
404039ec-2231-11ed-ba2c-e4a471a7a3bd.jpg,[]
40ada86c-2231-11ed-aee7-e4a471a7a3bd.jpg,[]
4b53308a-2231-11ed-bc6b-e4a471a7a3bd.jpg,[]
4bc3e898-2231-11ed-b7ad-e4a471a7a3bd.jpg,[]
4c35c4a2-2231-11ed-8d0d-e4a471a7a3bd.jpg,[]
4ca2f3b8-2231-11ed-8451-e4a471a7a3bd.jpg,[]
4d15f278-2231-11ed-9fc2-e4a471a7a3bd.jpg,[]
4d85479c-2231-11ed-9431-e4a471a7a3bd.jpg,[]
4df55128-2231-11ed-b133-e4a471a7a3bd.jpg,[]
4e635d66-2231-11ed-bc08-e4a471a7a3bd.jpg,[]
4ed89efa-2231-11ed-8552-e4a471a7a3bd.jpg,[]
4f480618-2231-11ed-868d-e4a471a7a3bd.jpg,[]
4fb6f9c0-2231-11ed-8e99-e4a471a7a3bd.jpg,[]
5023d29c-2231-11ed-b7b8-e4a471a7a3bd.jpg,[]
51be84cc-2231-11ed-9ef7-e4a471a7a3bd.jpg,[]
522c670c-2231-11ed-9214-e4a471a7a3bd.jpg,[]
5298fafa-2231-11ed-bbee-e4a471a7a3bd.jpg,[]
53012e4c-2231-11ed-b381-e4a471a7a3bd.jpg,[]
53714410-2231-11ed-b132-e4a471a7a3bd.jpg,[]
53de438a-2231-11ed-ab53-e4a471a7a3bd.jpg,[]
544c267a-2231-11ed-9b65-e4a471a7a3bd.jpg,[]
54b71186-2231-11ed-9064-e4a471a7a3bd.jpg,[]
552367b6-2231-11ed-9bb0-e4a471a7a3bd.jpg,[]
558f85f4-2231-11ed-8de5-e4a471a7a3bd.jpg,[]
55fd652e-2231-11ed-881e-e4a471a7a3bd.jpg,[]
56665350-2231-11ed-bc1f-e4a471a7a3bd.jpg,[]
56d6bf52-2231-11ed-ae33-e4a471a7a3bd.jpg,[]
5740363a-2231-11ed-9128-e4a471a7a3bd.jpg,[]
57afb8c6-2231-11ed-bfb3-e4a471a7a3bd.jpg,[]
58185da4-2231-11ed-b830-e4a471a7a3bd.jpg,[]
588668b8-2231-11ed-9951-e4a471a7a3bd.jpg,[]
58ee71c6-2231-11ed-b488-e4a471a7a3bd.jpg,[]
595b5988-2231-11ed-8261-e4a471a7a3bd.jpg,[]
59c5871c-2231-11ed-9e5d-e4a471a7a3bd.jpg,[]
5a3920a6-2231-11ed-a599-e4a471a7a3bd.jpg,[]
d920fa24-22a5-11ed-a120-e4a471a7a3bd.jpg,SVGFOX
361bdd22-22a6-11ed-9f3b-e4a471a7a3bd.jpg,[]
36a2f08c-22a6-11ed-8833-e4a471a7a3bd.jpg,[]
3717afba-22a6-11ed-b0e6-e4a471a7a3bd.jpg,[]
378deb1e-22a6-11ed-a7e5-e4a471a7a3bd.jpg,[]
37fd735c-22a6-11ed-b136-e4a471a7a3bd.jpg,[]
38770c5a-22a6-11ed-912d-e4a471a7a3bd.jpg,[]
38f13828-22a6-11ed-8470-e4a471a7a3bd.jpg,[]
396818d0-22a6-11ed-9291-e4a471a7a3bd.jpg,[]
39d6af7a-22a6-11ed-99ca-e4a471a7a3bd.jpg,[]
3a4775a8-22a6-11ed-b1d4-e4a471a7a3bd.jpg,[]
3abbf830-22a6-11ed-b363-e4a471a7a3bd.jpg,[]
3b2c9436-22a6-11ed-9945-e4a471a7a3bd.jpg,[]
3e1906ba-22a6-11ed-8251-e4a471a7a3bd.jpg,[]
3e97daf0-22a6-11ed-9f31-e4a471a7a3bd.jpg,[]
3f0a2e6e-22a6-11ed-8dd6-e4a471a7a3bd.jpg,[]
3f78bf74-22a6-11ed-8f1e-e4a471a7a3bd.jpg,[]
3fe911d8-22a6-11ed-a63e-e4a471a7a3bd.jpg,[]
41222774-22a6-11ed-941a-e4a471a7a3bd.jpg,T
41abe192-22a6-11ed-89f5-e4a471a7a3bd.jpg,5
423315d4-22a6-11ed-ba37-e4a471a7a3bd.jpg,FEEETN
42a42724-22a6-11ed-84f5-e4a471a7a3bd.jpg,[]
431dc402-22a6-11ed-a8eb-e4a471a7a3bd.jpg,TR
439c42da-22a6-11ed-af9e-e4a471a7a3bd.jpg,TA
441dcedc-22a6-11ed-9f31-e4a471a7a3bd.jpg,TE
44a28f3a-22a6-11ed-b29c-e4a471a7a3bd.jpg,TSE
452f65f6-22a6-11ed-8ab0-e4a471a7a3bd.jpg,T
45ae0bcc-22a6-11ed-84a5-e4a471a7a3bd.jpg,FE
463ae812-22a6-11ed-97bb-e4a471a7a3bd.jpg,JO
46ca3bc6-22a6-11ed-8503-e4a471a7a3bd.jpg,F9
47477c8a-22a6-11ed-a887-e4a471a7a3bd.jpg,TND
47d45a68-22a6-11ed-9b50-e4a471a7a3bd.jpg,TO; JIETE
486fd08a-22a6-11ed-91f7-e4a471a7a3bd.jpg,TEBIL7 %
48ee7a52-22a6-11ed-bbfa-e4a471a7a3bd.jpg,TENELTE
496dc388-22a6-11ed-8cb4-e4a471a7a3bd.jpg,TC1EGL7 (3
49e8644c-22a6-11ed-8b5d-e4a471a7a3bd.jpg,'IJ IBI L7 43
4a5fd10c-22a6-11ed-8e8e-e4a471a7a3bd.jpg,TEO1ENL74
4aeaa570-22a6-11ed-a80e-e4a471a7a3bd.jpg,FEDB(L7CS
4b62a4b6-22a6-11ed-a22d-e4a471a7a3bd.jpg,TROTERL7 G
4bdaedf4-22a6-11ed-97f2-e4a471a7a3bd.jpg,TAOIBL 4745
4c53483a-22a6-11ed-9322-e4a471a7a3bd.jpg,WO1BKL7 L5
4ccc152e-22a6-11ed-b10e-e4a471a7a3bd.jpg,TRD1BKL7 L5
4d43602e-22a6-11ed-84ee-e4a471a7a3bd.jpg,TRO1BKL7 L5
4dc0ac74-22a6-11ed-b799-e4a471a7a3bd.jpg,TWO18RL7 L5
4e51321e-22a6-11ed-abfa-e4a471a7a3bd.jpg,TRO 1BK L7 L54
4ede1d98-22a6-11ed-b001-e4a471a7a3bd.jpg,THO1BK L7 L5
4f5ae492-22a6-11ed-a88c-e4a471a7a3bd.jpg,THOTBKL7[5
4fe5d57e-22a6-11ed-a830-e4a471a7a3bd.jpg,THO 1BK L7 L5
5060cf06-22a6-11ed-a7d2-e4a471a7a3bd.jpg,THO 1BRL7L5
50dd56d8-22a6-11ed-9723-e4a471a7a3bd.jpg,THO1BAL7 (5
5157bc94-22a6-11ed-8b7b-e4a471a7a3bd.jpg,TNO1BK L7 (5
51c9b0ae-22a6-11ed-9608-e4a471a7a3bd.jpg,TRO1BA L7 L5
52439380-22a6-11ed-932e-e4a471a7a3bd.jpg,RO1BK L7 L5
52b12c36-22a6-11ed-aab0-e4a471a7a3bd.jpg,TNO1BKL75
53292500-22a6-11ed-ab51-e4a471a7a3bd.jpg,THO1BK L7 L5
539ada74-22a6-11ed-b1c9-e4a471a7a3bd.jpg,TWO1BNL745
54129c68-22a6-11ed-a810-e4a471a7a3bd.jpg,T4O18NL7L5
548c44ba-22a6-11ed-9010-e4a471a7a3bd.jpg,THO 18KL7L5
55004636-22a6-11ed-99a4-e4a471a7a3bd.jpg,TNO1BKL745
5575e0de-22a6-11ed-a3c8-e4a471a7a3bd.jpg,THO1BKLIL5
55e5a2dc-22a6-11ed-b2f2-e4a471a7a3bd.jpg,TRO10KL745
565b4d10-22a6-11ed-8624-e4a471a7a3bd.jpg,TRO TBKL7 L5
56d18522-22a6-11ed-ac7a-e4a471a7a3bd.jpg,TN0104L745
57538ed0-22a6-11ed-b35c-e4a471a7a3bd.jpg,TNO1BKL745
57c35d64-22a6-11ed-b62b-e4a471a7a3bd.jpg,TNO TBKLZ L5
58332bee-22a6-11ed-b0f0-e4a471a7a3bd.jpg,TH010K4745
58a3959c-22a6-11ed-b900-e4a471a7a3bd.jpg,TNO1BLLZL5
59115b3e-22a6-11ed-960c-e4a471a7a3bd.jpg,TN0104 L7 45
5984b886-22a6-11ed-8e0b-e4a471a7a3bd.jpg,TNO TBKL7 L5
59f45e9a-22a6-11ed-bc63-e4a471a7a3bd.jpg,TNO1BLL7L5
5a762b1e-22a6-11ed-9af6-e4a471a7a3bd.jpg,THO IBKL7 LS
5ae8059c-22a6-11ed-a150-e4a471a7a3bd.jpg,THO IBKL7 LS
5b51bc74-22a6-11ed-bf89-e4a471a7a3bd.jpg,THO IBKL7 L5
5bc7a508-22a6-11ed-8978-e4a471a7a3bd.jpg,TNOTBKLILS
5c2e8678-22a6-11ed-a89b-e4a471a7a3bd.jpg,TN0104L745
5c98e84c-22a6-11ed-85ab-e4a471a7a3bd.jpg,TNOTBKL7 L5
5d030e4c-22a6-11ed-b407-e4a471a7a3bd.jpg,TNO 1BKL7 L5
5d778028-22a6-11ed-8037-e4a471a7a3bd.jpg,TND IBKE7 L5
5de560f8-22a6-11ed-bb5c-e4a471a7a3bd.jpg,TNOEKL7 L5
5e56b780-22a6-11ed-a87c-e4a471a7a3bd.jpg,TNOBKLT LS
5ec46776-22a6-11ed-870d-e4a471a7a3bd.jpg,TNONEK L7 L5
5f301866-22a6-11ed-9c66-e4a471a7a3bd.jpg,WOHBH
5f9cad68-22a6-11ed-8e29-e4a471a7a3bd.jpg,TNOBKL7 L5
600fee38-22a6-11ed-917e-e4a471a7a3bd.jpg,[]
606ba73a-22a6-11ed-bca3-e4a471a7a3bd.jpg,[]
6a11105c-22a6-11ed-b185-e4a471a7a3bd.jpg,[]
6a99be7a-22a6-11ed-a58c-e4a471a7a3bd.jpg,[]
6aff7190-22a6-11ed-b96b-e4a471a7a3bd.jpg,[]
6b604c30-22a6-11ed-8ade-e4a471a7a3bd.jpg,[]
6bbd8c12-22a6-11ed-9b56-e4a471a7a3bd.jpg,[]
6c1b51f4-22a6-11ed-ae12-e4a471a7a3bd.jpg,[]
6c80ac86-22a6-11ed-98ce-e4a471a7a3bd.jpg,[]
6ce06eb4-22a6-11ed-a465-e4a471a7a3bd.jpg,[]
6d45b822-22a6-11ed-864b-e4a471a7a3bd.jpg,[]
6da160c6-22a6-11ed-bb7e-e4a471a7a3bd.jpg,[]
6e06bfda-22a6-11ed-bab1-e4a471a7a3bd.jpg,[]
6e655eb6-22a6-11ed-a227-e4a471a7a3bd.jpg,[]
6fd24088-22a6-11ed-835f-e4a471a7a3bd.jpg,[]
703664f4-22a6-11ed-bcba-e4a471a7a3bd.jpg,[]
709790b0-22a6-11ed-a0cb-e4a471a7a3bd.jpg,[]
70f781dc-22a6-11ed-a339-e4a471a7a3bd.jpg,[]
715899f6-22a6-11ed-8b56-e4a471a7a3bd.jpg,[]
71b23e8a-22a6-11ed-8c93-e4a471a7a3bd.jpg,[]
72187f4c-22a6-11ed-96b5-e4a471a7a3bd.jpg,[]
727635e4-22a6-11ed-951a-e4a471a7a3bd.jpg,[]
72de2bc2-22a6-11ed-8ca9-e4a471a7a3bd.jpg,[]
73396e54-22a6-11ed-a4ef-e4a471a7a3bd.jpg,[]
739b7df0-22a6-11ed-999d-e4a471a7a3bd.jpg,[]
73fde27a-22a6-11ed-9449-e4a471a7a3bd.jpg,[]
745ff988-22a6-11ed-ab2b-e4a471a7a3bd.jpg,[]
74bb7618-22a6-11ed-b759-e4a471a7a3bd.jpg,[]
751a9b64-22a6-11ed-9e88-e4a471a7a3bd.jpg,[]
7575a43e-22a6-11ed-bbd5-e4a471a7a3bd.jpg,[]
75d232a2-22a6-11ed-9b35-e4a471a7a3bd.jpg,[]
7630cb76-22a6-11ed-9838-e4a471a7a3bd.jpg,[]
768f449e-22a6-11ed-a605-e4a471a7a3bd.jpg,[]
76ee9070-22a6-11ed-8ea8-e4a471a7a3bd.jpg,[]
7746ec24-22a6-11ed-8585-e4a471a7a3bd.jpg,[]
8f8e1648-22a6-11ed-8c1b-e4a471a7a3bd.jpg,[]
8fee383a-22a6-11ed-8c9d-e4a471a7a3bd.jpg,[]
67247aa4-22e4-11ed-9984-e4a471a7a3bd.jpg,SVGFOX
ca2cda80-22e4-11ed-a603-e4a471a7a3bd.jpg,[]
cab3187e-22e4-11ed-9c8d-e4a471a7a3bd.jpg,[]
cb279df4-22e4-11ed-a826-e4a471a7a3bd.jpg,[]
cb9aed66-22e4-11ed-bc3e-e4a471a7a3bd.jpg,[]
cc0c89ee-22e4-11ed-b886-e4a471a7a3bd.jpg,[]
cc803eec-22e4-11ed-8e2b-e4a471a7a3bd.jpg,[]
ccf2670a-22e4-11ed-9fbb-e4a471a7a3bd.jpg,[]
cd734ce6-22e4-11ed-9177-e4a471a7a3bd.jpg,[]
cdf04d0c-22e4-11ed-bd37-e4a471a7a3bd.jpg,[]
ce5fb11c-22e4-11ed-9477-e4a471a7a3bd.jpg,[]
ced61f6e-22e4-11ed-8e19-e4a471a7a3bd.jpg,[]
cf48f3a8-22e4-11ed-90b9-e4a471a7a3bd.jpg,[]
cfbca2b4-22e4-11ed-a8d0-e4a471a7a3bd.jpg,[]
d04d1dd2-22e4-11ed-b698-e4a471a7a3bd.jpg,[]
d0bfff6e-22e4-11ed-a2e2-e4a471a7a3bd.jpg,[]
d12f0a00-22e4-11ed-8017-e4a471a7a3bd.jpg,[]
d19b4e86-22e4-11ed-aa94-e4a471a7a3bd.jpg,[]
d22242fa-22e4-11ed-a6bc-e4a471a7a3bd.jpg,T
d2aa8978-22e4-11ed-80a8-e4a471a7a3bd.jpg,5
d3257524-22e4-11ed-8d87-e4a471a7a3bd.jpg,FEEETN
d3959ca4-22e4-11ed-b0d3-e4a471a7a3bd.jpg,[]
d413deae-22e4-11ed-9d58-e4a471a7a3bd.jpg,TR
d48f19b8-22e4-11ed-9667-e4a471a7a3bd.jpg,TA
d50b9c2e-22e4-11ed-b5f5-e4a471a7a3bd.jpg,TE
d57f6d62-22e4-11ed-9aa3-e4a471a7a3bd.jpg,TSE
d5f75d46-22e4-11ed-849c-e4a471a7a3bd.jpg,T
d66ed828-22e4-11ed-95d7-e4a471a7a3bd.jpg,FE
d6ea4a5c-22e4-11ed-8091-e4a471a7a3bd.jpg,JO
d767ccca-22e4-11ed-a689-e4a471a7a3bd.jpg,F9
d7dd6ad4-22e4-11ed-bbd6-e4a471a7a3bd.jpg,TND
d85cfa00-22e4-11ed-9d0d-e4a471a7a3bd.jpg,TO; JIETE
d8dbe4e4-22e4-11ed-92aa-e4a471a7a3bd.jpg,TEBIL7 %
d958d6fa-22e4-11ed-b673-e4a471a7a3bd.jpg,TENELTE
d9d586dc-22e4-11ed-968d-e4a471a7a3bd.jpg,TC1EGL7 (3
da5e5e8a-22e4-11ed-8601-e4a471a7a3bd.jpg,'IJ IBI L7 43
dad632b0-22e4-11ed-ade9-e4a471a7a3bd.jpg,TEO1ENL74
db6587dc-22e4-11ed-b7da-e4a471a7a3bd.jpg,FEDB(L7CS
dbdd1e08-22e4-11ed-ae11-e4a471a7a3bd.jpg,TROTERL7 G
dc58a958-22e4-11ed-ac72-e4a471a7a3bd.jpg,TAOIBL 4745
dcd074e8-22e4-11ed-9cd2-e4a471a7a3bd.jpg,WO1BKL7 L5
dd586640-22e4-11ed-a6eb-e4a471a7a3bd.jpg,TRD1BKL7 L5
dde02b12-22e4-11ed-8a13-e4a471a7a3bd.jpg,TRO1BKL7 L5
de60ec62-22e4-11ed-a135-e4a471a7a3bd.jpg,TWO18RL7 L5
deeb5792-22e4-11ed-9993-e4a471a7a3bd.jpg,TRO 1BK L7 L54
df8c431c-22e4-11ed-8ef0-e4a471a7a3bd.jpg,THO1BK L7 L5
e021aa52-22e4-11ed-9616-e4a471a7a3bd.jpg,THOTBKL7[5
e0b7bd52-22e4-11ed-8d8b-e4a471a7a3bd.jpg,THO 1BK L7 L5
e1425f52-22e4-11ed-913c-e4a471a7a3bd.jpg,THO 1BRL7L5
e1c0485a-22e4-11ed-ac32-e4a471a7a3bd.jpg,THO1BAL7 (5
e24816da-22e4-11ed-8ba6-e4a471a7a3bd.jpg,TNO1BK L7 (5
e2e820c0-22e4-11ed-8c0f-e4a471a7a3bd.jpg,TRO1BA L7 L5
e37ebf08-22e4-11ed-bec8-e4a471a7a3bd.jpg,RO1BK L7 L5
e4042712-22e4-11ed-9fe3-e4a471a7a3bd.jpg,TNO1BKL75
e48269fa-22e4-11ed-b1dc-e4a471a7a3bd.jpg,THO1BK L7 L5
e4f8305c-22e4-11ed-a03d-e4a471a7a3bd.jpg,TWO1BNL745
e570d95a-22e4-11ed-9205-e4a471a7a3bd.jpg,T4O18NL7L5
e5eb190c-22e4-11ed-887e-e4a471a7a3bd.jpg,THO 18KL7L5
e671daa6-22e4-11ed-b3fe-e4a471a7a3bd.jpg,TNO1BKL745
e70547cc-22e4-11ed-a4f1-e4a471a7a3bd.jpg,THO1BKLIL5
e7912346-22e4-11ed-8ab2-e4a471a7a3bd.jpg,TRO10KL745
e81e3b34-22e4-11ed-84ed-e4a471a7a3bd.jpg,TRO TBKL7 L5
e8a9a1c8-22e4-11ed-a975-e4a471a7a3bd.jpg,TN0104L745
e9a3f69a-22e4-11ed-9005-e4a471a7a3bd.jpg,TNO1BKL745
eac89f00-22e4-11ed-b401-e4a471a7a3bd.jpg,TNO TBKLZ L5
eb44d4ac-22e4-11ed-a432-e4a471a7a3bd.jpg,TH010K4745
ebed71ee-22e4-11ed-8f6a-e4a471a7a3bd.jpg,TNO1BLLZL5
ec7cb442-22e4-11ed-b1fe-e4a471a7a3bd.jpg,TN0104 L7 45
ed7931a8-22e4-11ed-8b09-e4a471a7a3bd.jpg,TNO TBKL7 L5
ee2d50a2-22e4-11ed-a478-e4a471a7a3bd.jpg,TNO1BLL7L5
eec25a8a-22e4-11ed-9eb1-e4a471a7a3bd.jpg,THO IBKL7 LS
ef3e1db0-22e4-11ed-b125-e4a471a7a3bd.jpg,THO IBKL7 LS
efaba200-22e4-11ed-a93c-e4a471a7a3bd.jpg,THO IBKL7 L5
f02c491a-22e4-11ed-9d5a-e4a471a7a3bd.jpg,TNOTBKLILS
f0918142-22e4-11ed-a64c-e4a471a7a3bd.jpg,TN0104L745
f0fc1970-22e4-11ed-8757-e4a471a7a3bd.jpg,TNOTBKL7 L5
f17d7ed4-22e4-11ed-befa-e4a471a7a3bd.jpg,TNO 1BKL7 L5
f1f64746-22e4-11ed-86c5-e4a471a7a3bd.jpg,TND IBKE7 L5
f268d8f8-22e4-11ed-a3cd-e4a471a7a3bd.jpg,TNOEKL7 L5
f2e5ff34-22e4-11ed-91ca-e4a471a7a3bd.jpg,TNOBKLT LS
f37d27b8-22e4-11ed-b225-e4a471a7a3bd.jpg,TNONEK L7 L5
f3efc706-22e4-11ed-b115-e4a471a7a3bd.jpg,WOHBH
f46119fa-22e4-11ed-b51a-e4a471a7a3bd.jpg,TNOBKL7 L5
f4bf7342-22e4-11ed-b6d4-e4a471a7a3bd.jpg,[]
f52760c8-22e4-11ed-af55-e4a471a7a3bd.jpg,[]
002b4164-22e5-11ed-9a47-e4a471a7a3bd.jpg,[]
008f8846-22e5-11ed-9168-e4a471a7a3bd.jpg,[]
010792d4-22e5-11ed-9981-e4a471a7a3bd.jpg,[]
016d36e2-22e5-11ed-be16-e4a471a7a3bd.jpg,[]
01d19ecc-22e5-11ed-89d2-e4a471a7a3bd.jpg,[]
0230c6cc-22e5-11ed-b7cf-e4a471a7a3bd.jpg,[]
0296accc-22e5-11ed-8e70-e4a471a7a3bd.jpg,[]
02fe7700-22e5-11ed-934b-e4a471a7a3bd.jpg,[]
036d4ea6-22e5-11ed-8459-e4a471a7a3bd.jpg,[]
03d8210a-22e5-11ed-86b3-e4a471a7a3bd.jpg,[]
044640b8-22e5-11ed-ac9b-e4a471a7a3bd.jpg,[]
04acac78-22e5-11ed-af47-e4a471a7a3bd.jpg,[]
063d7826-22e5-11ed-9a04-e4a471a7a3bd.jpg,[]
06a149fa-22e5-11ed-9148-e4a471a7a3bd.jpg,[]
071aa3b8-22e5-11ed-ba7f-e4a471a7a3bd.jpg,[]
0798601a-22e5-11ed-a881-e4a471a7a3bd.jpg,[]
0807a158-22e5-11ed-a1a2-e4a471a7a3bd.jpg,[]
0875f55c-22e5-11ed-8fac-e4a471a7a3bd.jpg,[]
08d552ca-22e5-11ed-9e74-e4a471a7a3bd.jpg,[]
093db246-22e5-11ed-a9af-e4a471a7a3bd.jpg,[]
099ab58a-22e5-11ed-af2a-e4a471a7a3bd.jpg,[]
0a0a378a-22e5-11ed-bc51-e4a471a7a3bd.jpg,[]
0a8df21e-22e5-11ed-b08b-e4a471a7a3bd.jpg,[]
0af85308-22e5-11ed-be07-e4a471a7a3bd.jpg,[]
0b565710-22e5-11ed-b321-e4a471a7a3bd.jpg,[]
0bba3b70-22e5-11ed-bb69-e4a471a7a3bd.jpg,[]
0c1d5e52-22e5-11ed-95c6-e4a471a7a3bd.jpg,[]
0c97ca24-22e5-11ed-ba92-e4a471a7a3bd.jpg,[]
0d12a924-22e5-11ed-a6f1-e4a471a7a3bd.jpg,[]
0d9689e4-22e5-11ed-9657-e4a471a7a3bd.jpg,[]
0e07eee4-22e5-11ed-86b2-e4a471a7a3bd.jpg,[]
0e80c1cc-22e5-11ed-9a38-e4a471a7a3bd.jpg,[]
0ef6a2fe-22e5-11ed-8482-e4a471a7a3bd.jpg,[]
282c3106-22e5-11ed-8bc8-e4a471a7a3bd.jpg,[]
288c210a-22e5-11ed-a3bb-e4a471a7a3bd.jpg,[]
